id,name,read,pattern,sequence,feature_type
Cellhash1,Cellhash1,R2,5PNNNNNNNNNN(BC),GTCAACTCTTTAGCG,Antibody Capture
Cellhash2,Cellhash2,R2,5PNNNNNNNNNN(BC),TGATGGCCTATTGGG,Antibody Capture
Cellhash3,Cellhash3,R2,5PNNNNNNNNNN(BC),TTCCGCCTCTCTTTG,Antibody Capture
Cellhash4,Cellhash4,R2,5PNNNNNNNNNN(BC),AGTAAGTTCAGCGTA,Antibody Capture
Cellhash5,Cellhash5,R2,5PNNNNNNNNNN(BC),AAGTATCGTTTCGCA,Antibody Capture
Cellhash6,Cellhash6,R2,5PNNNNNNNNNN(BC),GGTTGCCAGATGTCA,Antibody Capture
Cellhash7,Cellhash7,R2,5PNNNNNNNNNN(BC),TGTCTTTCCTGCCAG,Antibody Capture
Cellhash8,Cellhash8,R2,5PNNNNNNNNNN(BC),CTCCTCTGCAATTAC,Antibody Capture
Cellhash9,Cellhash9,R2,5PNNNNNNNNNN(BC),CAGTAGTCACGGTCA,Antibody Capture
Cellhash10,Cellhash10,R2,5PNNNNNNNNNN(BC),ATTGACCCGCGTTAG,Antibody Capture
mCellhash1,mCellhash1,R2,5PNNNNNNNNNN(BC),ACCCACCAGTAAGAC,Antibody Capture
mCellhash2,mCellhash2,R2,5PNNNNNNNNNN(BC),GGTCGAGAGCATTCA,Antibody Capture
mCellhash3,mCellhash3,R2,5PNNNNNNNNNN(BC),CTTGCCGCATGTCAT,Antibody Capture
mCellhash4,mCellhash4,R2,5PNNNNNNNNNN(BC),AAAGCATTCTTCACG,Antibody Capture
mCellhash5,mCellhash5,R2,5PNNNNNNNNNN(BC),CTTTGTCTTTGTGAG,Antibody Capture
mCellhash6,mCellhash6,R2,5PNNNNNNNNNN(BC),TATGCTGCCACGGTA,Antibody Capture
mCellhash7,mCellhash7,R2,5PNNNNNNNNNN(BC),GAGTCTGCCAGTATC,Antibody Capture
mCellhash8,mCellhash8,R2,5PNNNNNNNNNN(BC),TATAGAACGCCAGGC,Antibody Capture
mCellhash9,mCellhash9,R2,5PNNNNNNNNNN(BC),TGCCTATGAAACAAG,Antibody Capture
mCellhash10,mCellhash10,R2,5PNNNNNNNNNN(BC),CCGATTGTAACAGAC,Antibody Capture
mCellhash11,mCellhash11,R2,5PNNNNNNNNNN(BC),GCTTACCGAATTAAC,Antibody Capture
mCellhash12,mCellhash12,R2,5PNNNNNNNNNN(BC),CTGCAAATATAACGG,Antibody Capture
mCellhash13,mCellhash13,R2,5PNNNNNNNNNN(BC),CTACATTGCGATTTG,Antibody Capture
mCellhash14,mCellhash14,R2,5PNNNNNNNNNN(BC),CTTTCGCCAACTCTG,Antibody Capture
AgBC1,AgBC1,R2,5PNNNNNNNNNN(BC),AACCTTTGCCACTGC,Antibody Capture
AgBC2,AgBC2,R2,5PNNNNNNNNNN(BC),GTCCGACTAATAGCT,Antibody Capture
AgBC3,AgBC3,R2,5PNNNNNNNNNN(BC),CAGGTTGTTGTCATT,Antibody Capture
AgBC4,AgBC4,R2,5PNNNNNNNNNN(BC),TATTTCCACCCGGTC,Antibody Capture
AgBC5,AgBC5,R2,5PNNNNNNNNNN(BC),GTTGTGAGCACGAGA,Antibody Capture
AgBC6,AgBC6,R2,5PNNNNNNNNNN(BC),ACCCGGTATCAATTA,Antibody Capture
AgBC7,AgBC7,R2,5PNNNNNNNNNN(BC),TCTCCTATTGGGCGA,Antibody Capture
AgBC8,AgBC8,R2,5PNNNNNNNNNN(BC),AACGTATGTCCTTGC,Antibody Capture
AgBC9,AgBC9,R2,5PNNNNNNNNNN(BC),TCAATCTCCTCCTAT,Antibody Capture
AgBC10,AgBC10,R2,5PNNNNNNNNNN(BC),GTCACCAAACCGCTA,Antibody Capture
AgBC11,AgBC11,R2,5PNNNNNNNNNN(BC),GGTAACTCTGGTAGC,Antibody Capture
AgBC12,AgBC12,R2,5PNNNNNNNNNN(BC),AGCGTATGTAACTCG,Antibody Capture
AgBC13,AgBC13,R2,5PNNNNNNNNNN(BC),TGTGTGAGGCTTGAT,Antibody Capture
AgBC14,AgBC14,R2,5PNNNNNNNNNN(BC),ACTCTCACCCATTCC,Antibody Capture
AgBC15,AgBC15,R2,5PNNNNNNNNNN(BC),TCTCTCTGCGATTCC,Antibody Capture
AgBC16,AgBC16,R2,5PNNNNNNNNNN(BC),ATGCGATCAGACCGA,Antibody Capture
AgBC17,AgBC17,R2,5PNNNNNNNNNN(BC),CGTATGCGCTTCAAG,Antibody Capture
AgBC18,AgBC18,R2,5PNNNNNNNNNN(BC),CAGCAACTTCATTGT,Antibody Capture
AgBC19,AgBC19,R2,5PNNNNNNNNNN(BC),GGTATAAGAGCTACG,Antibody Capture
AgBC20,AgBC20,R2,5PNNNNNNNNNN(BC),TGCCAGCCCTTTGTA,Antibody Capture
AgBC21,AgBC21,R2,5PNNNNNNNNNN(BC),GTACTTGATTAGCCT,Antibody Capture
AgBC22,AgBC22,R2,5PNNNNNNNNNN(BC),TCCGAGTCCGTCGCG,Antibody Capture
AgBC23,AgBC23,R2,5PNNNNNNNNNN(BC),GAGTTGCGAAGTTCT,Antibody Capture
AgBC24,AgBC24,R2,5PNNNNNNNNNN(BC),TGCTAACACAACGAG,Antibody Capture
AgBC25,AgBC25,R2,5PNNNNNNNNNN(BC),CAAGCATGTAGGAGT,Antibody Capture
AgBC26,AgBC26,R2,5PNNNNNNNNNN(BC),CCGCGAATCAGCCGC,Antibody Capture
AgBC27,AgBC27,R2,5PNNNNNNNNNN(BC),CTTCTACAACAATGG,Antibody Capture
AgBC28,AgBC28,R2,5PNNNNNNNNNN(BC),CCTAATGGTCCAGAC,Antibody Capture
AgBC29,AgBC29,R2,5PNNNNNNNNNN(BC),GTGGTAAGCAGACGC,Antibody Capture
AgBC30,AgBC30,R2,5PNNNNNNNNNN(BC),CCGGTTCTGGCACAG,Antibody Capture
AgBC31,AgBC31,R2,5PNNNNNNNNNN(BC),TAGGCGTCGATGCC,Antibody Capture
AgBC32,AgBC32,R2,5PNNNNNNNNNN(BC),ACCGATACTCGACA,Antibody Capture
AgBC36,AgBC36,R2,5PNNNNNNNNNN(BC),CGTCCTTTGCCTGTA,Antibody Capture
AgBC37,AgBC37,R2,5PNNNNNNNNNN(BC),GGTTGTCATAAGAAC,Antibody Capture
AgBC38,AgBC38,R2,5PNNNNNNNNNN(BC),TCAGTATTCTGGGAC,Antibody Capture
AgBC39,AgBC39,R2,5PNNNNNNNNNN(BC),GCACCTCATTCCTAC,Antibody Capture
AgBC40,AgBC40,R2,5PNNNNNNNNNN(BC),GTATAATGCCCGACA,Antibody Capture
AgBC41,AgBC41,R2,5PNNNNNNNNNN(BC),ATGTGCGAGCAAGAT,Antibody Capture
AgBC42,AgBC42,R2,5PNNNNNNNNNN(BC),AGTGATCCCTATTGA,Antibody Capture
AgBC43,AgBC43,R2,5PNNNNNNNNNN(BC),CATTCTGGGATTCCC,Antibody Capture
AgBC44,AgBC44,R2,5PNNNNNNNNNN(BC),ACTTAACCCGTATGG,Antibody Capture
AgBC45,AgBC45,R2,5PNNNNNNNNNN(BC),GACATTAAGAGCAGA,Antibody Capture
AgBC46,AgBC46,R2,5PNNNNNNNNNN(BC),CGCAGTATTAACTTC,Antibody Capture
AgBC47,AgBC47,R2,5PNNNNNNNNNN(BC),CCCACTTCCCTTGTA,Antibody Capture
AgBC48,AgBC48,R2,5PNNNNNNNNNN(BC),AGACCCTTGCCGTTT,Antibody Capture
AgBC49,AgBC49,R2,5PNNNNNNNNNN(BC),TCGTTGTCAACCGCT,Antibody Capture
AgBC50,AgBC50,R2,5PNNNNNNNNNN(BC),TGCTTCACCTCTATG,Antibody Capture
AgBC101,AgBC101,R2,5PNNNNNNNNNN(BC),TAGGCGTCGATGCCG,Antibody Capture
AgBC102,AgBC102,R2,5PNNNNNNNNNN(BC),ACCGATACTCGACAT,Antibody Capture
AgBC103,AgBC103,R2,5PNNNNNNNNNN(BC),TGTCGACATCGCCCC,Antibody Capture
AgBC104,AgBC104,R2,5PNNNNNNNNNN(BC),TCCCCGGCAGTAGAA,Antibody Capture
AgBC105,AgBC105,R2,5PNNNNNNNNNN(BC),CGGTAGGATCCACGC,Antibody Capture
AgBC106,AgBC106,R2,5PNNNNNNNNNN(BC),GTCACAAGTGACATC,Antibody Capture
AgBC107,AgBC107,R2,5PNNNNNNNNNN(BC),GATGCGCACGAACCG,Antibody Capture
AgBC108,AgBC108,R2,5PNNNNNNNNNN(BC),CTAAAGGTTTATATC,Antibody Capture
AgBC109,AgBC109,R2,5PNNNNNNNNNN(BC),GCTAGTTCGGCTTAT,Antibody Capture
AgBC110,AgBC110,R2,5PNNNNNNNNNN(BC),TTACCCTAGACAAGC,Antibody Capture
AgBC111,AgBC111,R2,5PNNNNNNNNNN(BC),CACCCCAACAAGAGA,Antibody Capture
AgBC112,AgBC112,R2,5PNNNNNNNNNN(BC),TCGAAATAGTAATCT,Antibody Capture
AgBC113,AgBC113,R2,5PNNNNNNNNNN(BC),TGAGACAATGTCCGT,Antibody Capture
AgBC114,AgBC114,R2,5PNNNNNNNNNN(BC),CAACCTTAGTGGTTG,Antibody Capture
AgBC115,AgBC115,R2,5PNNNNNNNNNN(BC),GTACCTTAGGGTGGG,Antibody Capture
AgBC116,AgBC116,R2,5PNNNNNNNNNN(BC),TCCGGGTCCTACCCT,Antibody Capture
AgBC117,AgBC117,R2,5PNNNNNNNNNN(BC),AAGCGCTAGGTGAGA,Antibody Capture
AgBC118,AgBC118,R2,5PNNNNNNNNNN(BC),GCAACCGGTTAAAAG,Antibody Capture
AgBC119,AgBC119,R2,5PNNNNNNNNNN(BC),CTGAACGCCTCTGCT,Antibody Capture
AgBC120,AgBC120,R2,5PNNNNNNNNNN(BC),GGTAGTGTAGGCAAG,Antibody Capture
AgBC121,AgBC121,R2,5PNNNNNNNNNN(BC),CCCGTATAGTATAAC,Antibody Capture
AgBC122,AgBC122,R2,5PNNNNNNNNNN(BC),ACGACCCATCGTGAA,Antibody Capture
AgBC123,AgBC123,R2,5PNNNNNNNNNN(BC),TAAAATGAGTAGTAG,Antibody Capture
AgBC124,AgBC124,R2,5PNNNNNNNNNN(BC),GCAACGTATTGAAAA,Antibody Capture
AgBC125,AgBC125,R2,5PNNNNNNNNNN(BC),ACCACCCGGACATGA,Antibody Capture
AgBC126,AgBC126,R2,5PNNNNNNNNNN(BC),GCCTCGATGAATTAC,Antibody Capture
AgBC127,AgBC127,R2,5PNNNNNNNNNN(BC),GCGCGCTCAGAACCA,Antibody Capture
AgBC128,AgBC128,R2,5PNNNNNNNNNN(BC),TCCATTGTTAAGGGA,Antibody Capture
AgBC129,AgBC129,R2,5PNNNNNNNNNN(BC),GGCTAGGCCGTCGGC,Antibody Capture
AgBC130,AgBC130,R2,5PNNNNNNNNNN(BC),ATAAACGTGGGATTC,Antibody Capture
AgBC131,AgBC131,R2,5PNNNNNNNNNN(BC),CTAAACATAGGAGAC,Antibody Capture
AgBC132,AgBC132,R2,5PNNNNNNNNNN(BC),GTATAGCGACTCATG,Antibody Capture
AgBC133,AgBC133,R2,5PNNNNNNNNNN(BC),GTTGGCACCGGACCG,Antibody Capture
AgBC134,AgBC134,R2,5PNNNNNNNNNN(BC),CGACTCCCCATCTCC,Antibody Capture
AgBC135,AgBC135,R2,5PNNNNNNNNNN(BC),AATGGCCCTTGTGTA,Antibody Capture
AgBC136,AgBC136,R2,5PNNNNNNNNNN(BC),GGCGCGTCTACGCCC,Antibody Capture
AgBC137,AgBC137,R2,5PNNNNNNNNNN(BC),TGTAAAAGCAGATCA,Antibody Capture
AgBC138,AgBC138,R2,5PNNNNNNNNNN(BC),AGAGGTGATAAGTAA,Antibody Capture
AgBC139,AgBC139,R2,5PNNNNNNNNNN(BC),TATCAGCACGTTATT,Antibody Capture
AgBC140,AgBC140,R2,5PNNNNNNNNNN(BC),ATGGAGCGGGCCAGT,Antibody Capture
AgBC141,AgBC141,R2,5PNNNNNNNNNN(BC),ATAGAAGTGCTGCGT,Antibody Capture
AgBC142,AgBC142,R2,5PNNNNNNNNNN(BC),CGCGACGGGGGTGTG,Antibody Capture
AgBC143,AgBC143,R2,5PNNNNNNNNNN(BC),CTCTGACAATGGTAG,Antibody Capture
AgBC144,AgBC144,R2,5PNNNNNNNNNN(BC),GATATAGAATATAAG,Antibody Capture
AgBC145,AgBC145,R2,5PNNNNNNNNNN(BC),ACGGAACCGAGAGAG,Antibody Capture
AgBC146,AgBC146,R2,5PNNNNNNNNNN(BC),AAAGTTAAAATGGGC,Antibody Capture
AgBC147,AgBC147,R2,5PNNNNNNNNNN(BC),GCTATACTGGAGTCA,Antibody Capture
AgBC148,AgBC148,R2,5PNNNNNNNNNN(BC),TCCCGGAGAAGTGAG,Antibody Capture
AgBC149,AgBC149,R2,5PNNNNNNNNNN(BC),GAGGCATGCTCTTAA,Antibody Capture
AgBC150,AgBC150,R2,5PNNNNNNNNNN(BC),GGCAGATGTACGCTC,Antibody Capture